analytics	5
is	2
the	8
systematic	2
computational	3
analysis	4
of	9
data	19
or	4
statistics	3
it	6
involves	3
discovery	1
interpretation	2
and	35
communication	1
meaningful	2
patterns	6
within	3
datasets	3
often	2
aimed	3
at	3
extracting	2
insights	6
to	16
support	1
decision-making	4
this	1
process	1
typically	2
various	4
techniques	3
including	4
statistical	3
predictive	3
modeling	4
mining	2
machine	2
learning	2
algorithms	2
spans	1
across	3
diverse	1
domains	2
business	7
finance	3
healthcare	3
science	5
offering	1
valuable	1
optimize	3
processes	6
identify	1
trends	4
forecast	1
outcomes	2
mitigate	2
risks	3
enables	1
organizations	3
make	2
data-driven	2
decisions	3
uncover	3
hidden	2
gain	2
a	4
competitive	2
edge	1
in	4
their	2
respective	1
industries	2
with	2
exponential	1
growth	1
generation	1
has	1
become	1
increasingly	1
essential	1
for	2
deriving	1
actionable	3
intelligence	3
from	6
vast	1
complex	3
driving	1
innovation	3
fostering	2
informed	3
(bi)	1
refers	2
technologies	2
strategies	2
practices	1
utilized	1
by	3
analyze	2
interpret	1
raw	2
order	1
collecting	1
organizing	1
transforming	1
into	1
that	2
drive	3
strategic	2
planning	1
operational	1
improvements	1
advantages	1
bi	2
encompasses	3
visualization	2
all	1
uncovering	1
correlations	2
sets	2
harnessing	2
tools	3
methodologies	2
businesses	1
can	2
deeper	1
understanding	1
operations	1
customer	1
behaviors	1
market	2
dynamics	1
emerging	1
opportunities	1
ultimately	1
empowers	1
performance	1
adapt	1
swiftly	1
changing	1
conditions	1
agility	1
today's	1
dynamic	1
landscape	1
an	1
interdisciplinary	1
field	1
employs	1
scientific	1
methods	1
systems	1
extract	1
knowledge	2
structured	1
unstructured	1
mathematics	1
computer	1
domain-specific	1
scientists	1
leverage	1
programming	1
languages	1
like	1
python	1
r	1
sql	1
along	1
such	2
as	4
they	1
play	1
crucial	1
role	1
informing	1
technology	1
power	1
facilitates	1
optimization	1
development	1
address	1
real-world	1
challenges	1
purpose	1
gaining	1
making	1
discovering	1
broad	1
range	1
information	1
involving	1
collection	1
cleaning	1
transformation	1
be	1
applied	1
marketing	1
among	1
others	1
predict	1
future	1
relies	1
heavily	1
on	1
mathematical	1
principles	1
well	1
derive	1
